{
  "total_accesses": 20000,
  "l1_hits": 11593,
  "l2_hits": 7590,
  "l3_hits": 817,
  "misses": 0,
  "l1_hit_rate": 0.579650,
  "l2_hit_rate": 0.379500,
  "l3_hit_rate": 0.040850,
  "overall_hit_rate": 1.000000,
  "miss_rate": 0.000000,
  "avg_latency_ns": 137.562500,
  "total_estimated_bytes": 2460672,
  "estimated_comm_bw_MBps": 852.950363,
  "l1_share": 0.579650,
  "l2_share": 0.379500,
  "l3_share": 0.040850,
  "miss_share": 0.000000,
  "l1_hit_rate_norm": 0.579650,
  "l2_hit_rate_norm": 0.379500,
  "l3_hit_rate_norm": 0.040850,
  "promote_l3_to_l2": 0,
  "promote_l2_to_l1": 0,
  "demote_l1_to_l2": 0,
  "demote_l2_to_l3": 0
}
