{
  "total_accesses": 20000,
  "l1_hits": 7595,
  "l2_hits": 11575,
  "l3_hits": 830,
  "misses": 0,
  "l1_hit_rate": 0.379750,
  "l2_hit_rate": 0.578750,
  "l3_hit_rate": 0.041500,
  "overall_hit_rate": 1.000000,
  "miss_rate": 0.000000,
  "avg_latency_ns": 167.937500,
  "total_estimated_bytes": 2974080,
  "estimated_comm_bw_MBps": 844.452166,
  "l1_share": 0.379750,
  "l2_share": 0.578750,
  "l3_share": 0.041500,
  "miss_share": 0.000000,
  "l1_hit_rate_norm": 0.379750,
  "l2_hit_rate_norm": 0.578750,
  "l3_hit_rate_norm": 0.041500,
  "promote_l3_to_l2": 0,
  "promote_l2_to_l1": 0,
  "demote_l1_to_l2": 0,
  "demote_l2_to_l3": 0
}
