{
  "total_accesses": 20000,
  "l1_hits": 11503,
  "l2_hits": 7657,
  "l3_hits": 840,
  "misses": 0,
  "l1_hit_rate": 0.575150,
  "l2_hit_rate": 0.382850,
  "l3_hit_rate": 0.042000,
  "overall_hit_rate": 1.000000,
  "miss_rate": 0.000000,
  "avg_latency_ns": 138.927500,
  "total_estimated_bytes": 2475136,
  "estimated_comm_bw_MBps": 849.534337,
  "l1_share": 0.575150,
  "l2_share": 0.382850,
  "l3_share": 0.042000,
  "miss_share": 0.000000,
  "l1_hit_rate_norm": 0.575150,
  "l2_hit_rate_norm": 0.382850,
  "l3_hit_rate_norm": 0.042000,
  "promote_l3_to_l2": 0,
  "promote_l2_to_l1": 0,
  "demote_l1_to_l2": 0,
  "demote_l2_to_l3": 0
}
