{
  "total_accesses": 20000,
  "l1_hits": 14860,
  "l2_hits": 4271,
  "l3_hits": 869,
  "misses": 0,
  "l1_hit_rate": 0.743000,
  "l2_hit_rate": 0.213550,
  "l3_hit_rate": 0.043450,
  "overall_hit_rate": 1.000000,
  "miss_rate": 0.000000,
  "avg_latency_ns": 114.620000,
  "total_estimated_bytes": 2049152,
  "estimated_comm_bw_MBps": 852.479337,
  "l1_share": 0.743000,
  "l2_share": 0.213550,
  "l3_share": 0.043450,
  "miss_share": 0.000000,
  "l1_hit_rate_norm": 0.743000,
  "l2_hit_rate_norm": 0.213550,
  "l3_hit_rate_norm": 0.043450,
  "promote_l3_to_l2": 0,
  "promote_l2_to_l1": 0,
  "demote_l1_to_l2": 0,
  "demote_l2_to_l3": 0
}
