{
  "total_accesses": 20000,
  "l1_hits": 6541,
  "l2_hits": 13459,
  "l3_hits": 0,
  "misses": 0,
  "l1_hit_rate": 0.327050,
  "l2_hit_rate": 0.672950,
  "l3_hit_rate": 0.000000,
  "overall_hit_rate": 1.000000,
  "miss_rate": 0.000000,
  "avg_latency_ns": 150.942500,
  "total_estimated_bytes": 3002752,
  "estimated_comm_bw_MBps": 948.588854,
  "l1_share": 0.327050,
  "l2_share": 0.672950,
  "l3_share": 0.000000,
  "miss_share": 0.000000,
  "l1_hit_rate_norm": 0.327050,
  "l2_hit_rate_norm": 0.672950,
  "l3_hit_rate_norm": 0.000000,
  "promote_l3_to_l2": 0,
  "promote_l2_to_l1": 0,
  "demote_l1_to_l2": 0,
  "demote_l2_to_l3": 0,
  "pre_stage_ratio": 1.000000,
  "expand_window": 8,
  "num_expands": 0,
  "avg_expand_batch": 0.000000
}
