{
  "total_accesses": 20000,
  "l1_hits": 13845,
  "l2_hits": 5323,
  "l3_hits": 832,
  "misses": 0,
  "l1_hit_rate": 0.692250,
  "l2_hit_rate": 0.266150,
  "l3_hit_rate": 0.041600,
  "overall_hit_rate": 1.000000,
  "miss_rate": 0.000000,
  "avg_latency_ns": 121.122500,
  "total_estimated_bytes": 2174336,
  "estimated_comm_bw_MBps": 855.996367,
  "l1_share": 0.692250,
  "l2_share": 0.266150,
  "l3_share": 0.041600,
  "miss_share": 0.000000,
  "l1_hit_rate_norm": 0.692250,
  "l2_hit_rate_norm": 0.266150,
  "l3_hit_rate_norm": 0.041600,
  "promote_l3_to_l2": 0,
  "promote_l2_to_l1": 0,
  "demote_l1_to_l2": 0,
  "demote_l2_to_l3": 0
}
