{
  "total_accesses": 20000,
  "l1_hits": 5645,
  "l2_hits": 13529,
  "l3_hits": 826,
  "misses": 0,
  "l1_hit_rate": 0.282250,
  "l2_hit_rate": 0.676450,
  "l3_hit_rate": 0.041300,
  "overall_hit_rate": 1.000000,
  "miss_rate": 0.000000,
  "avg_latency_ns": 182.442500,
  "total_estimated_bytes": 3223168,
  "estimated_comm_bw_MBps": 842.416800,
  "l1_share": 0.282250,
  "l2_share": 0.676450,
  "l3_share": 0.041300,
  "miss_share": 0.000000,
  "l1_hit_rate_norm": 0.282250,
  "l2_hit_rate_norm": 0.676450,
  "l3_hit_rate_norm": 0.041300,
  "promote_l3_to_l2": 0,
  "promote_l2_to_l1": 0,
  "demote_l1_to_l2": 0,
  "demote_l2_to_l3": 0
}
