{
  "total_accesses": 20000,
  "l1_hits": 6232,
  "l2_hits": 12897,
  "l3_hits": 871,
  "misses": 0,
  "l1_hit_rate": 0.311600,
  "l2_hit_rate": 0.644850,
  "l3_hit_rate": 0.043550,
  "overall_hit_rate": 1.000000,
  "miss_rate": 0.000000,
  "avg_latency_ns": 179.390000,
  "total_estimated_bytes": 3153792,
  "estimated_comm_bw_MBps": 838.310505,
  "l1_share": 0.311600,
  "l2_share": 0.644850,
  "l3_share": 0.043550,
  "miss_share": 0.000000,
  "l1_hit_rate_norm": 0.311600,
  "l2_hit_rate_norm": 0.644850,
  "l3_hit_rate_norm": 0.043550,
  "promote_l3_to_l2": 0,
  "promote_l2_to_l1": 0,
  "demote_l1_to_l2": 0,
  "demote_l2_to_l3": 0
}
