{
  "total_accesses": 20000,
  "l1_hits": 14111,
  "l2_hits": 5053,
  "l3_hits": 836,
  "misses": 0,
  "l1_hit_rate": 0.705550,
  "l2_hit_rate": 0.252650,
  "l3_hit_rate": 0.041800,
  "overall_hit_rate": 1.000000,
  "miss_rate": 0.000000,
  "avg_latency_ns": 119.247500,
  "total_estimated_bytes": 2140800,
  "estimated_comm_bw_MBps": 856.045610,
  "l1_share": 0.705550,
  "l2_share": 0.252650,
  "l3_share": 0.041800,
  "miss_share": 0.000000,
  "l1_hit_rate_norm": 0.705550,
  "l2_hit_rate_norm": 0.252650,
  "l3_hit_rate_norm": 0.041800,
  "promote_l3_to_l2": 0,
  "promote_l2_to_l1": 0,
  "demote_l1_to_l2": 0,
  "demote_l2_to_l3": 0
}
