{
  "total_accesses": 20000,
  "l1_hits": 15063,
  "l2_hits": 4118,
  "l3_hits": 819,
  "misses": 0,
  "l1_hit_rate": 0.753150,
  "l2_hit_rate": 0.205900,
  "l3_hit_rate": 0.040950,
  "overall_hit_rate": 1.000000,
  "miss_rate": 0.000000,
  "avg_latency_ns": 111.597500,
  "total_estimated_bytes": 2016768,
  "estimated_comm_bw_MBps": 861.730704,
  "l1_share": 0.753150,
  "l2_share": 0.205900,
  "l3_share": 0.040950,
  "miss_share": 0.000000,
  "l1_hit_rate_norm": 0.753150,
  "l2_hit_rate_norm": 0.205900,
  "l3_hit_rate_norm": 0.040950,
  "promote_l3_to_l2": 0,
  "promote_l2_to_l1": 0,
  "demote_l1_to_l2": 0,
  "demote_l2_to_l3": 0
}
