{
  "total_accesses": 20000,
  "l1_hits": 9982,
  "l2_hits": 9203,
  "l3_hits": 815,
  "misses": 0,
  "l1_hit_rate": 0.499100,
  "l2_hit_rate": 0.460150,
  "l3_hit_rate": 0.040750,
  "overall_hit_rate": 1.000000,
  "miss_rate": 0.000000,
  "avg_latency_ns": 149.585000,
  "total_estimated_bytes": 2666624,
  "estimated_comm_bw_MBps": 850.048742,
  "l1_share": 0.499100,
  "l2_share": 0.460150,
  "l3_share": 0.040750,
  "miss_share": 0.000000,
  "l1_hit_rate_norm": 0.499100,
  "l2_hit_rate_norm": 0.460150,
  "l3_hit_rate_norm": 0.040750,
  "promote_l3_to_l2": 0,
  "promote_l2_to_l1": 0,
  "demote_l1_to_l2": 0,
  "demote_l2_to_l3": 0
}
