{
  "total_accesses": 20000,
  "l1_hits": 14676,
  "l2_hits": 4496,
  "l3_hits": 828,
  "misses": 0,
  "l1_hit_rate": 0.733800,
  "l2_hit_rate": 0.224800,
  "l3_hit_rate": 0.041400,
  "overall_hit_rate": 1.000000,
  "miss_rate": 0.000000,
  "avg_latency_ns": 114.770000,
  "total_estimated_bytes": 2067456,
  "estimated_comm_bw_MBps": 858.969978,
  "l1_share": 0.733800,
  "l2_share": 0.224800,
  "l3_share": 0.041400,
  "miss_share": 0.000000,
  "l1_hit_rate_norm": 0.733800,
  "l2_hit_rate_norm": 0.224800,
  "l3_hit_rate_norm": 0.041400,
  "promote_l3_to_l2": 0,
  "promote_l2_to_l1": 0,
  "demote_l1_to_l2": 0,
  "demote_l2_to_l3": 0
}
