{
  "total_accesses": 20000,
  "l1_hits": 15338,
  "l2_hits": 3827,
  "l3_hits": 835,
  "misses": 0,
  "l1_hit_rate": 0.766900,
  "l2_hit_rate": 0.191350,
  "l3_hit_rate": 0.041750,
  "overall_hit_rate": 1.000000,
  "miss_rate": 0.000000,
  "avg_latency_ns": 110.015000,
  "total_estimated_bytes": 1983616,
  "estimated_comm_bw_MBps": 859.757139,
  "l1_share": 0.766900,
  "l2_share": 0.191350,
  "l3_share": 0.041750,
  "miss_share": 0.000000,
  "l1_hit_rate_norm": 0.766900,
  "l2_hit_rate_norm": 0.191350,
  "l3_hit_rate_norm": 0.041750,
  "promote_l3_to_l2": 0,
  "promote_l2_to_l1": 0,
  "demote_l1_to_l2": 0,
  "demote_l2_to_l3": 0
}
