{
  "total_accesses": 20000,
  "l1_hits": 7202,
  "l2_hits": 11957,
  "l3_hits": 841,
  "misses": 0,
  "l1_hit_rate": 0.360100,
  "l2_hit_rate": 0.597850,
  "l3_hit_rate": 0.042050,
  "overall_hit_rate": 1.000000,
  "miss_rate": 0.000000,
  "avg_latency_ns": 171.215000,
  "total_estimated_bytes": 3025792,
  "estimated_comm_bw_MBps": 842.689051,
  "l1_share": 0.360100,
  "l2_share": 0.597850,
  "l3_share": 0.042050,
  "miss_share": 0.000000,
  "l1_hit_rate_norm": 0.360100,
  "l2_hit_rate_norm": 0.597850,
  "l3_hit_rate_norm": 0.042050,
  "promote_l3_to_l2": 0,
  "promote_l2_to_l1": 0,
  "demote_l1_to_l2": 0,
  "demote_l2_to_l3": 0
}
