{
  "total_accesses": 20000,
  "l1_hits": 6240,
  "l2_hits": 12938,
  "l3_hits": 822,
  "misses": 0,
  "l1_hit_rate": 0.312000,
  "l2_hit_rate": 0.646900,
  "l3_hit_rate": 0.041100,
  "overall_hit_rate": 1.000000,
  "miss_rate": 0.000000,
  "avg_latency_ns": 177.860000,
  "total_estimated_bytes": 3146496,
  "estimated_comm_bw_MBps": 843.565844,
  "l1_share": 0.312000,
  "l2_share": 0.646900,
  "l3_share": 0.041100,
  "miss_share": 0.000000,
  "l1_hit_rate_norm": 0.312000,
  "l2_hit_rate_norm": 0.646900,
  "l3_hit_rate_norm": 0.041100,
  "promote_l3_to_l2": 0,
  "promote_l2_to_l1": 0,
  "demote_l1_to_l2": 0,
  "demote_l2_to_l3": 0
}
