{
  "total_accesses": 20000,
  "l1_hits": 12770,
  "l2_hits": 6413,
  "l3_hits": 817,
  "misses": 0,
  "l1_hit_rate": 0.638500,
  "l2_hit_rate": 0.320650,
  "l3_hit_rate": 0.040850,
  "overall_hit_rate": 1.000000,
  "miss_rate": 0.000000,
  "avg_latency_ns": 128.735000,
  "total_estimated_bytes": 2310016,
  "estimated_comm_bw_MBps": 855.634804,
  "l1_share": 0.638500,
  "l2_share": 0.320650,
  "l3_share": 0.040850,
  "miss_share": 0.000000,
  "l1_hit_rate_norm": 0.638500,
  "l2_hit_rate_norm": 0.320650,
  "l3_hit_rate_norm": 0.040850,
  "promote_l3_to_l2": 0,
  "promote_l2_to_l1": 0,
  "demote_l1_to_l2": 0,
  "demote_l2_to_l3": 0
}
