{
  "total_accesses": 20000,
  "l1_hits": 10938,
  "l2_hits": 8266,
  "l3_hits": 796,
  "misses": 0,
  "l1_hit_rate": 0.546900,
  "l2_hit_rate": 0.413300,
  "l3_hit_rate": 0.039800,
  "overall_hit_rate": 1.000000,
  "miss_rate": 0.000000,
  "avg_latency_ns": 141.845000,
  "total_estimated_bytes": 2541824,
  "estimated_comm_bw_MBps": 854.479279,
  "l1_share": 0.546900,
  "l2_share": 0.413300,
  "l3_share": 0.039800,
  "miss_share": 0.000000,
  "l1_hit_rate_norm": 0.546900,
  "l2_hit_rate_norm": 0.413300,
  "l3_hit_rate_norm": 0.039800,
  "promote_l3_to_l2": 0,
  "promote_l2_to_l1": 0,
  "demote_l1_to_l2": 0,
  "demote_l2_to_l3": 0
}
