{
  "total_accesses": 20000,
  "l1_hits": 11113,
  "l2_hits": 8062,
  "l3_hits": 825,
  "misses": 0,
  "l1_hit_rate": 0.555650,
  "l2_hit_rate": 0.403100,
  "l3_hit_rate": 0.041250,
  "overall_hit_rate": 1.000000,
  "miss_rate": 0.000000,
  "avg_latency_ns": 141.402500,
  "total_estimated_bytes": 2523136,
  "estimated_comm_bw_MBps": 850.851293,
  "l1_share": 0.555650,
  "l2_share": 0.403100,
  "l3_share": 0.041250,
  "miss_share": 0.000000,
  "l1_hit_rate_norm": 0.555650,
  "l2_hit_rate_norm": 0.403100,
  "l3_hit_rate_norm": 0.041250,
  "promote_l3_to_l2": 0,
  "promote_l2_to_l1": 0,
  "demote_l1_to_l2": 0,
  "demote_l2_to_l3": 0
}
