{
  "total_accesses": 20000,
  "l1_hits": 12194,
  "l2_hits": 6953,
  "l3_hits": 853,
  "misses": 0,
  "l1_hit_rate": 0.609700,
  "l2_hit_rate": 0.347650,
  "l3_hit_rate": 0.042650,
  "overall_hit_rate": 1.000000,
  "miss_rate": 0.000000,
  "avg_latency_ns": 134.135000,
  "total_estimated_bytes": 2388352,
  "estimated_comm_bw_MBps": 849.036404,
  "l1_share": 0.609700,
  "l2_share": 0.347650,
  "l3_share": 0.042650,
  "miss_share": 0.000000,
  "l1_hit_rate_norm": 0.609700,
  "l2_hit_rate_norm": 0.347650,
  "l3_hit_rate_norm": 0.042650,
  "promote_l3_to_l2": 0,
  "promote_l2_to_l1": 0,
  "demote_l1_to_l2": 0,
  "demote_l2_to_l3": 0
}
