{
  "total_accesses": 20000,
  "l1_hits": 11044,
  "l2_hits": 8107,
  "l3_hits": 849,
  "misses": 0,
  "l1_hit_rate": 0.552200,
  "l2_hit_rate": 0.405350,
  "l3_hit_rate": 0.042450,
  "overall_hit_rate": 1.000000,
  "miss_rate": 0.000000,
  "avg_latency_ns": 142.640000,
  "total_estimated_bytes": 2535040,
  "estimated_comm_bw_MBps": 847.449011,
  "l1_share": 0.552200,
  "l2_share": 0.405350,
  "l3_share": 0.042450,
  "miss_share": 0.000000,
  "l1_hit_rate_norm": 0.552200,
  "l2_hit_rate_norm": 0.405350,
  "l3_hit_rate_norm": 0.042450,
  "promote_l3_to_l2": 0,
  "promote_l2_to_l1": 0,
  "demote_l1_to_l2": 0,
  "demote_l2_to_l3": 0
}
