{
  "total_accesses": 20000,
  "l1_hits": 8378,
  "l2_hits": 10814,
  "l3_hits": 808,
  "misses": 0,
  "l1_hit_rate": 0.418900,
  "l2_hit_rate": 0.540700,
  "l3_hit_rate": 0.040400,
  "overall_hit_rate": 1.000000,
  "miss_rate": 0.000000,
  "avg_latency_ns": 161.405000,
  "total_estimated_bytes": 2871040,
  "estimated_comm_bw_MBps": 848.188442,
  "l1_share": 0.418900,
  "l2_share": 0.540700,
  "l3_share": 0.040400,
  "miss_share": 0.000000,
  "l1_hit_rate_norm": 0.418900,
  "l2_hit_rate_norm": 0.540700,
  "l3_hit_rate_norm": 0.040400,
  "promote_l3_to_l2": 0,
  "promote_l2_to_l1": 0,
  "demote_l1_to_l2": 0,
  "demote_l2_to_l3": 0
}
