{
  "total_accesses": 20000,
  "l1_hits": 8749,
  "l2_hits": 10453,
  "l3_hits": 798,
  "misses": 0,
  "l1_hit_rate": 0.437450,
  "l2_hit_rate": 0.522650,
  "l3_hit_rate": 0.039900,
  "overall_hit_rate": 1.000000,
  "miss_rate": 0.000000,
  "avg_latency_ns": 158.322500,
  "total_estimated_bytes": 2822272,
  "estimated_comm_bw_MBps": 850.014471,
  "l1_share": 0.437450,
  "l2_share": 0.522650,
  "l3_share": 0.039900,
  "miss_share": 0.000000,
  "l1_hit_rate_norm": 0.437450,
  "l2_hit_rate_norm": 0.522650,
  "l3_hit_rate_norm": 0.039900,
  "promote_l3_to_l2": 0,
  "promote_l2_to_l1": 0,
  "demote_l1_to_l2": 0,
  "demote_l2_to_l3": 0
}
