{
  "total_accesses": 20000,
  "l1_hits": 6780,
  "l2_hits": 12375,
  "l3_hits": 845,
  "misses": 0,
  "l1_hit_rate": 0.339000,
  "l2_hit_rate": 0.618750,
  "l3_hit_rate": 0.042250,
  "overall_hit_rate": 1.000000,
  "miss_rate": 0.000000,
  "avg_latency_ns": 174.500000,
  "total_estimated_bytes": 3080320,
  "estimated_comm_bw_MBps": 841.725522,
  "l1_share": 0.339000,
  "l2_share": 0.618750,
  "l3_share": 0.042250,
  "miss_share": 0.000000,
  "l1_hit_rate_norm": 0.339000,
  "l2_hit_rate_norm": 0.618750,
  "l3_hit_rate_norm": 0.042250,
  "promote_l3_to_l2": 0,
  "promote_l2_to_l1": 0,
  "demote_l1_to_l2": 0,
  "demote_l2_to_l3": 0
}
