{
  "total_accesses": 20000,
  "l1_hits": 13240,
  "l2_hits": 5909,
  "l3_hits": 851,
  "misses": 0,
  "l1_hit_rate": 0.662000,
  "l2_hit_rate": 0.295450,
  "l3_hit_rate": 0.042550,
  "overall_hit_rate": 1.000000,
  "miss_rate": 0.000000,
  "avg_latency_ns": 126.230000,
  "total_estimated_bytes": 2254208,
  "estimated_comm_bw_MBps": 851.533024,
  "l1_share": 0.662000,
  "l2_share": 0.295450,
  "l3_share": 0.042550,
  "miss_share": 0.000000,
  "l1_hit_rate_norm": 0.662000,
  "l2_hit_rate_norm": 0.295450,
  "l3_hit_rate_norm": 0.042550,
  "promote_l3_to_l2": 0,
  "promote_l2_to_l1": 0,
  "demote_l1_to_l2": 0,
  "demote_l2_to_l3": 0
}
