{
  "total_accesses": 20000,
  "l1_hits": 11292,
  "l2_hits": 7889,
  "l3_hits": 819,
  "misses": 0,
  "l1_hit_rate": 0.564600,
  "l2_hit_rate": 0.394450,
  "l3_hit_rate": 0.040950,
  "overall_hit_rate": 1.000000,
  "miss_rate": 0.000000,
  "avg_latency_ns": 139.880000,
  "total_estimated_bytes": 2499456,
  "estimated_comm_bw_MBps": 852.039960,
  "l1_share": 0.564600,
  "l2_share": 0.394450,
  "l3_share": 0.040950,
  "miss_share": 0.000000,
  "l1_hit_rate_norm": 0.564600,
  "l2_hit_rate_norm": 0.394450,
  "l3_hit_rate_norm": 0.040950,
  "promote_l3_to_l2": 0,
  "promote_l2_to_l1": 0,
  "demote_l1_to_l2": 0,
  "demote_l2_to_l3": 0
}
