{
  "total_accesses": 20000,
  "l1_hits": 12302,
  "l2_hits": 6864,
  "l3_hits": 834,
  "misses": 0,
  "l1_hit_rate": 0.615100,
  "l2_hit_rate": 0.343200,
  "l3_hit_rate": 0.041700,
  "overall_hit_rate": 1.000000,
  "miss_rate": 0.000000,
  "avg_latency_ns": 132.755000,
  "total_estimated_bytes": 2372096,
  "estimated_comm_bw_MBps": 852.023288,
  "l1_share": 0.615100,
  "l2_share": 0.343200,
  "l3_share": 0.041700,
  "miss_share": 0.000000,
  "l1_hit_rate_norm": 0.615100,
  "l2_hit_rate_norm": 0.343200,
  "l3_hit_rate_norm": 0.041700,
  "promote_l3_to_l2": 0,
  "promote_l2_to_l1": 0,
  "demote_l1_to_l2": 0,
  "demote_l2_to_l3": 0
}
