{
  "total_accesses": 100000,
  "l1_hits": 93336,
  "l2_hits": 4380,
  "l3_hits": 2284,
  "misses": 0,
  "l1_hit_rate": 0.933360,
  "l2_hit_rate": 0.043800,
  "l3_hit_rate": 0.022840,
  "overall_hit_rate": 1.000000,
  "miss_rate": 0.000000,
  "l1_share": 0.933360,
  "l2_share": 0.043800,
  "l3_share": 0.022840,
  "miss_share": 0.000000,
  "l1_hit_rate_norm": 0.933360,
  "l2_hit_rate_norm": 0.043800,
  "l3_hit_rate_norm": 0.022840,
  "promote_l3_to_l2": 49,
  "promote_l2_to_l1": 6,
  "demote_l1_to_l2": 0,
  "demote_l2_to_l3": 0
}
