{
  "total_accesses": 100000,
  "l1_hits": 86386,
  "l2_hits": 11283,
  "l3_hits": 2331,
  "misses": 0,
  "l1_hit_rate": 0.863860,
  "l2_hit_rate": 0.112830,
  "l3_hit_rate": 0.023310,
  "overall_hit_rate": 1.000000,
  "miss_rate": 0.000000,
  "avg_latency_ns": 84.407000,
  "total_estimated_bytes": 8440960,
  "estimated_comm_bw_MBps": 953.703693,
  "l1_share": 0.863860,
  "l2_share": 0.112830,
  "l3_share": 0.023310,
  "miss_share": 0.000000,
  "l1_hit_rate_norm": 0.863860,
  "l2_hit_rate_norm": 0.112830,
  "l3_hit_rate_norm": 0.023310,
  "promote_l3_to_l2": 0,
  "promote_l2_to_l1": 0,
  "demote_l1_to_l2": 0,
  "demote_l2_to_l3": 0
}
