{
  "total_accesses": 100000,
  "l1_hits": 86529,
  "l2_hits": 11160,
  "l3_hits": 2311,
  "misses": 0,
  "l1_hit_rate": 0.865290,
  "l2_hit_rate": 0.111600,
  "l3_hit_rate": 0.023110,
  "overall_hit_rate": 1.000000,
  "miss_rate": 0.000000,
  "avg_latency_ns": 84.072500,
  "l1_share": 0.865290,
  "l2_share": 0.111600,
  "l3_share": 0.023110,
  "miss_share": 0.000000,
  "l1_hit_rate_norm": 0.865290,
  "l2_hit_rate_norm": 0.111600,
  "l3_hit_rate_norm": 0.023110,
  "promote_l3_to_l2": 0,
  "promote_l2_to_l1": 0,
  "demote_l1_to_l2": 0,
  "demote_l2_to_l3": 0
}
