{
  "total_accesses": 100000,
  "l1_hits": 86992,
  "l2_hits": 10728,
  "l3_hits": 2280,
  "misses": 0,
  "l1_hit_rate": 0.869920,
  "l2_hit_rate": 0.107280,
  "l3_hit_rate": 0.022800,
  "overall_hit_rate": 1.000000,
  "miss_rate": 0.000000,
  "avg_latency_ns": 83.192000,
  "total_estimated_bytes": 8356864,
  "estimated_comm_bw_MBps": 957.991942,
  "l1_share": 0.869920,
  "l2_share": 0.107280,
  "l3_share": 0.022800,
  "miss_share": 0.000000,
  "l1_hit_rate_norm": 0.869920,
  "l2_hit_rate_norm": 0.107280,
  "l3_hit_rate_norm": 0.022800,
  "promote_l3_to_l2": 0,
  "promote_l2_to_l1": 0,
  "demote_l1_to_l2": 0,
  "demote_l2_to_l3": 0
}
