{
  "total_accesses": 10000,
  "l1_hits": 2470,
  "l2_hits": 7035,
  "l3_hits": 495,
  "misses": 0,
  "l1_hit_rate": 0.247000,
  "l2_hit_rate": 0.703500,
  "l3_hit_rate": 0.049500,
  "overall_hit_rate": 1.000000,
  "miss_rate": 0.000000,
  "avg_latency_ns": 192.650000,
  "total_estimated_bytes": 1667200,
  "estimated_comm_bw_MBps": 825.313169,
  "l1_share": 0.247000,
  "l2_share": 0.703500,
  "l3_share": 0.049500,
  "miss_share": 0.000000,
  "l1_hit_rate_norm": 0.247000,
  "l2_hit_rate_norm": 0.703500,
  "l3_hit_rate_norm": 0.049500,
  "promote_l3_to_l2": 0,
  "promote_l2_to_l1": 0,
  "demote_l1_to_l2": 0,
  "demote_l2_to_l3": 0
}
