{
  "total_accesses": 10000,
  "l1_hits": 2323,
  "l2_hits": 7199,
  "l3_hits": 478,
  "misses": 0,
  "l1_hit_rate": 0.232300,
  "l2_hit_rate": 0.719900,
  "l3_hit_rate": 0.047800,
  "overall_hit_rate": 1.000000,
  "miss_rate": 0.000000,
  "avg_latency_ns": 193.835000,
  "total_estimated_bytes": 1683840,
  "estimated_comm_bw_MBps": 828.454593,
  "l1_share": 0.232300,
  "l2_share": 0.719900,
  "l3_share": 0.047800,
  "miss_share": 0.000000,
  "l1_hit_rate_norm": 0.232300,
  "l2_hit_rate_norm": 0.719900,
  "l3_hit_rate_norm": 0.047800,
  "promote_l3_to_l2": 0,
  "promote_l2_to_l1": 0,
  "demote_l1_to_l2": 0,
  "demote_l2_to_l3": 0
}
