{
  "total_accesses": 10000,
  "l1_hits": 6165,
  "l2_hits": 3348,
  "l3_hits": 487,
  "misses": 0,
  "l1_hit_rate": 0.616500,
  "l2_hit_rate": 0.334800,
  "l3_hit_rate": 0.048700,
  "overall_hit_rate": 1.000000,
  "miss_rate": 0.000000,
  "avg_latency_ns": 136.745000,
  "total_estimated_bytes": 1193216,
  "estimated_comm_bw_MBps": 832.161654,
  "l1_share": 0.616500,
  "l2_share": 0.334800,
  "l3_share": 0.048700,
  "miss_share": 0.000000,
  "l1_hit_rate_norm": 0.616500,
  "l2_hit_rate_norm": 0.334800,
  "l3_hit_rate_norm": 0.048700,
  "promote_l3_to_l2": 0,
  "promote_l2_to_l1": 0,
  "demote_l1_to_l2": 0,
  "demote_l2_to_l3": 0
}
