{
  "total_accesses": 10000,
  "l1_hits": 3749,
  "l2_hits": 5762,
  "l3_hits": 489,
  "misses": 0,
  "l1_hit_rate": 0.374900,
  "l2_hit_rate": 0.576200,
  "l3_hit_rate": 0.048900,
  "overall_hit_rate": 1.000000,
  "miss_rate": 0.000000,
  "avg_latency_ns": 173.105000,
  "total_estimated_bytes": 1502720,
  "estimated_comm_bw_MBps": 827.882192,
  "l1_share": 0.374900,
  "l2_share": 0.576200,
  "l3_share": 0.048900,
  "miss_share": 0.000000,
  "l1_hit_rate_norm": 0.374900,
  "l2_hit_rate_norm": 0.576200,
  "l3_hit_rate_norm": 0.048900,
  "promote_l3_to_l2": 0,
  "promote_l2_to_l1": 0,
  "demote_l1_to_l2": 0,
  "demote_l2_to_l3": 0
}
