{
  "total_accesses": 10000,
  "l1_hits": 3305,
  "l2_hits": 6197,
  "l3_hits": 498,
  "misses": 0,
  "l1_hit_rate": 0.330500,
  "l2_hit_rate": 0.619700,
  "l3_hit_rate": 0.049800,
  "overall_hit_rate": 1.000000,
  "miss_rate": 0.000000,
  "avg_latency_ns": 180.305000,
  "total_estimated_bytes": 1560704,
  "estimated_comm_bw_MBps": 825.491983,
  "l1_share": 0.330500,
  "l2_share": 0.619700,
  "l3_share": 0.049800,
  "miss_share": 0.000000,
  "l1_hit_rate_norm": 0.330500,
  "l2_hit_rate_norm": 0.619700,
  "l3_hit_rate_norm": 0.049800,
  "promote_l3_to_l2": 0,
  "promote_l2_to_l1": 0,
  "demote_l1_to_l2": 0,
  "demote_l2_to_l3": 0
}
