{
  "total_accesses": 10000,
  "l1_hits": 0,
  "l2_hits": 9488,
  "l3_hits": 512,
  "misses": 0,
  "l1_hit_rate": 0.000000,
  "l2_hit_rate": 0.948800,
  "l3_hit_rate": 0.051200,
  "overall_hit_rate": 1.000000,
  "miss_rate": 0.000000,
  "avg_latency_ns": 230.720000,
  "total_estimated_bytes": 1985536,
  "estimated_comm_bw_MBps": 820.715451,
  "l1_share": 0.000000,
  "l2_share": 0.948800,
  "l3_share": 0.051200,
  "miss_share": 0.000000,
  "l1_hit_rate_norm": 0.000000,
  "l2_hit_rate_norm": 0.948800,
  "l3_hit_rate_norm": 0.051200,
  "promote_l3_to_l2": 0,
  "promote_l2_to_l1": 0,
  "demote_l1_to_l2": 0,
  "demote_l2_to_l3": 0
}
