{
  "total_accesses": 10000,
  "l1_hits": 4223,
  "l2_hits": 5307,
  "l3_hits": 470,
  "misses": 0,
  "l1_hit_rate": 0.422300,
  "l2_hit_rate": 0.530700,
  "l3_hit_rate": 0.047000,
  "overall_hit_rate": 1.000000,
  "miss_rate": 0.000000,
  "avg_latency_ns": 164.855000,
  "total_estimated_bytes": 1439616,
  "estimated_comm_bw_MBps": 832.807500,
  "l1_share": 0.422300,
  "l2_share": 0.530700,
  "l3_share": 0.047000,
  "miss_share": 0.000000,
  "l1_hit_rate_norm": 0.422300,
  "l2_hit_rate_norm": 0.530700,
  "l3_hit_rate_norm": 0.047000,
  "promote_l3_to_l2": 0,
  "promote_l2_to_l1": 0,
  "demote_l1_to_l2": 0,
  "demote_l2_to_l3": 0
}
