{
  "total_accesses": 10000,
  "l1_hits": 5135,
  "l2_hits": 4360,
  "l3_hits": 505,
  "misses": 0,
  "l1_hit_rate": 0.513500,
  "l2_hit_rate": 0.436000,
  "l3_hit_rate": 0.050500,
  "overall_hit_rate": 1.000000,
  "miss_rate": 0.000000,
  "avg_latency_ns": 153.275000,
  "total_estimated_bytes": 1327360,
  "estimated_comm_bw_MBps": 825.881025,
  "l1_share": 0.513500,
  "l2_share": 0.436000,
  "l3_share": 0.050500,
  "miss_share": 0.000000,
  "l1_hit_rate_norm": 0.513500,
  "l2_hit_rate_norm": 0.436000,
  "l3_hit_rate_norm": 0.050500,
  "promote_l3_to_l2": 0,
  "promote_l2_to_l1": 0,
  "demote_l1_to_l2": 0,
  "demote_l2_to_l3": 0
}
