{
  "total_accesses": 10000,
  "l1_hits": 1539,
  "l2_hits": 7947,
  "l3_hits": 514,
  "misses": 0,
  "l1_hit_rate": 0.153900,
  "l2_hit_rate": 0.794700,
  "l3_hit_rate": 0.051400,
  "overall_hit_rate": 1.000000,
  "miss_rate": 0.000000,
  "avg_latency_ns": 207.755000,
  "total_estimated_bytes": 1788800,
  "estimated_comm_bw_MBps": 821.127105,
  "l1_share": 0.153900,
  "l2_share": 0.794700,
  "l3_share": 0.051400,
  "miss_share": 0.000000,
  "l1_hit_rate_norm": 0.153900,
  "l2_hit_rate_norm": 0.794700,
  "l3_hit_rate_norm": 0.051400,
  "promote_l3_to_l2": 0,
  "promote_l2_to_l1": 0,
  "demote_l1_to_l2": 0,
  "demote_l2_to_l3": 0
}
