{
  "total_accesses": 10000,
  "l1_hits": 4921,
  "l2_hits": 4615,
  "l3_hits": 464,
  "misses": 0,
  "l1_hit_rate": 0.492100,
  "l2_hit_rate": 0.461500,
  "l3_hit_rate": 0.046400,
  "overall_hit_rate": 1.000000,
  "miss_rate": 0.000000,
  "avg_latency_ns": 154.025000,
  "total_estimated_bytes": 1349504,
  "estimated_comm_bw_MBps": 835.570397,
  "l1_share": 0.492100,
  "l2_share": 0.461500,
  "l3_share": 0.046400,
  "miss_share": 0.000000,
  "l1_hit_rate_norm": 0.492100,
  "l2_hit_rate_norm": 0.461500,
  "l3_hit_rate_norm": 0.046400,
  "promote_l3_to_l2": 0,
  "promote_l2_to_l1": 0,
  "demote_l1_to_l2": 0,
  "demote_l2_to_l3": 0
}
