{
  "type": "QP",
  "iters": 10,
  "random_fields": true,
  "results": [
    {
      "N": 1000,
      "avg_encode_us": 0.030641,
      "p95_encode_us": 0.065803,
      "avg_decode_us": 0.008068,
      "p95_decode_us": 0.063457,
      "total_bytes": 14000,
      "bytes_per_token": 14,
      "compression_ratio": 1.571429,
      "throughput_encode_tokens_per_sec": 32635904.063496,
      "throughput_decode_tokens_per_sec": 123944918.878051
    },
    {
      "N": 10000,
      "avg_encode_us": 0.018361,
      "p95_encode_us": 0.024231,
      "avg_decode_us": 0.001289,
      "p95_decode_us": 0.001739,
      "total_bytes": 140000,
      "bytes_per_token": 14,
      "compression_ratio": 1.571429,
      "throughput_encode_tokens_per_sec": 54462582.299770,
      "throughput_decode_tokens_per_sec": 775819265.143992
    },
    {
      "N": 100000,
      "avg_encode_us": 0.017626,
      "p95_encode_us": 0.031029,
      "avg_decode_us": 0.001871,
      "p95_decode_us": 0.002832,
      "total_bytes": 1400000,
      "bytes_per_token": 14,
      "compression_ratio": 1.571429,
      "throughput_encode_tokens_per_sec": 56734749.500763,
      "throughput_decode_tokens_per_sec": 534420415.714953
    },
    {
      "N": 1000000,
      "avg_encode_us": 0.018438,
      "p95_encode_us": 0.030040,
      "avg_decode_us": 0.004947,
      "p95_decode_us": 0.007808,
      "total_bytes": 14000000,
      "bytes_per_token": 14,
      "compression_ratio": 1.571429,
      "throughput_encode_tokens_per_sec": 54235417.583618,
      "throughput_decode_tokens_per_sec": 202142688.238202
    }
  ]
}
