{
  "total_accesses": 100000,
  "l1_hits": 85881,
  "l2_hits": 11814,
  "l3_hits": 2305,
  "misses": 0,
  "l1_hit_rate": 0.858810,
  "l2_hit_rate": 0.118140,
  "l3_hit_rate": 0.023050,
  "overall_hit_rate": 1.000000,
  "miss_rate": 0.000000,
  "avg_latency_ns": 85.008500,
  "total_estimated_bytes": 8502272,
  "estimated_comm_bw_MBps": 953.833845,
  "l1_share": 0.858810,
  "l2_share": 0.118140,
  "l3_share": 0.023050,
  "miss_share": 0.000000,
  "l1_hit_rate_norm": 0.858810,
  "l2_hit_rate_norm": 0.118140,
  "l3_hit_rate_norm": 0.023050,
  "promote_l3_to_l2": 0,
  "promote_l2_to_l1": 0,
  "demote_l1_to_l2": 0,
  "demote_l2_to_l3": 0,
  "pre_stage_ratio": 0.000000,
  "expand_window": 1,
  "num_expands": 2305,
  "avg_expand_batch": 1.000000
}
