{
  "total_accesses": 100000,
  "l1_hits": 89042,
  "l2_hits": 8695,
  "l3_hits": 2263,
  "misses": 0,
  "l1_hit_rate": 0.890420,
  "l2_hit_rate": 0.086950,
  "l3_hit_rate": 0.022630,
  "overall_hit_rate": 1.000000,
  "miss_rate": 0.000000,
  "avg_latency_ns": 80.015000,
  "total_estimated_bytes": 8092288,
  "estimated_comm_bw_MBps": 964.495060,
  "l1_share": 0.890420,
  "l2_share": 0.086950,
  "l3_share": 0.022630,
  "miss_share": 0.000000,
  "l1_hit_rate_norm": 0.890420,
  "l2_hit_rate_norm": 0.086950,
  "l3_hit_rate_norm": 0.022630,
  "promote_l3_to_l2": 0,
  "promote_l2_to_l1": 0,
  "demote_l1_to_l2": 0,
  "demote_l2_to_l3": 0
}
